Workbook

Sheet data
A1: group | B1: land | C1: trial | D1: onbd | E1: conv | F1: rev | G1: supflag | H1: refund | I1: eng | J1: days | K1: region | L1: device | M1: plan | N1: tickets
A2: Control | B2: 0 | C2: 0 | D2: 0 | E2: 0 | F2: 0 | G2: 0 | H2: 0 | I2: 45.7 | K2: North | L2: Desktop | M2: Basic | N2: 0
A3: Control | B3: 1 | C3: 0 | D3: 0 | E3: 0 | F3: 0 | G3: 0 | H3: 0 | I3: 48.6 | K3: West | L3: Mobile | M3: Free | N3: 0
A4: Control | B4: 1 | C4: 0 | D4: 0 | E4: 0 | F4: 0 | G4: 1 | H4: 0 | I4: 35.4 | K4: East | L4: Mobile | M4: Premium | N4: 1
A5: Control | B5: 1 | C5: 0 | D5: 0 | E5: 0 | F5: 0 | G5: 0 | H5: 0 | I5: 64.6 | K5: South | L5: Mobile | M5: Basic | N5: 0
A6: Control | B6: 0 | C6: 0 | D6: 0 | E6: 0 | F6: 0 | G6: 0 | H6: 0 | I6: 66.6 | K6: North | L6: Tablet | M6: Free | N6: 0
A7: Control | B7: 1 | C7: 0 | D7: 0 | E7: 0 | F7: 0 | G7: 0 | H7: 0 | I7: 40.8 | K7: East | L7: Mobile | M7: Premium | N7: 0
A8: Control | B8: 1 | C8: 1 | D8: 0 | E8: 0 | F8: 0 | G8: 0 | H8: 0 | I8: 57.1 | K8: East | L8: Mobile | M8: Basic | N8: 0
A9: Control | B9: 0 | C9: 0 | D9: 0 | E9: 0 | F9: 0 | G9: 0 | H9: 0 | I9: 36.4 | K9: South | L9: Mobile | M9: Free | N9: 0
A10: Control | B10: 0 | C10: 0 | D10: 0 | E10: 0 | F10: 0 | G10: 0 | H10: 0 | I10: 55.4 | K10: South | L10: Tablet | M10: Basic | N10: 0
A11: Control | B11: 1 | C11: 0 | D11: 0 | E11: 0 | F11: 0 | G11: 0 | H11: 0 | I11: 57.3 | K11: West | L11: Desktop | M11: Free | N11: 0
A12: Control | B12: 1 | C12: 1 | D12: 1 | E12: 0 | F12: 0 | G12: 0 | H12: 0 | I12: 63.6 | K12: East | L12: Mobile | M12: Basic | N12: 0
A13: Control | B13: 1 | C13: 1 | D13: 1 | E13: 0 | F13: 0 | G13: 1 | H13: 0 | I13: 80.4 | K13: East | L13: Mobile | M13: Premium | N13: 1
... A60: Control | B60: 0 | C60: 0 | D60: 0 | E60: 0 | F60: 0 | G60: 1 | H60: 0 | I60: 48.9 | K60: North | L60: Mobile | M60: Free | N60: 2
A61: Control | B61: 1 | C61: 1 | D61: 1 | E61: 1 | F61: 240.42 | G61: 0 | H61: 0 | I61: 56.5 | J61: 16 | K61: West | L61: Mobile | M61: Free | N61: 0
A62: Control | B62: 1 | C62: 0 | D62: 0 | E62: 0 | F62: 0 | G62: 0 | H62: 0 | I62: 53.7 | K62: South | L62: Mobile | M62: Free | N62: 0
A63: Control | B63: 0 | C63: 0 | D63: 0 | E63: 0 | F63: 0 | G63: 0 | H63: 0 | I63: 62.2 | K63: North | L63: Mobile | M63: Premium | N63: 0
A64: Control | B64: 1 | C64: 0 | D64: 0 | E64: 0 | F64: 0 | G64: 0 | H64: 0 | I64: 50.2 | K64: South | L64: Desktop | M64: Free | N64: 0
A65: Control | B65: 1 | C65: 0 | D65: 0 | E65: 0 | F65: 0 | G65: 0 | H65: 0 | I65: 74.3 | K65: North | L65: Mobile | M65: Basic | N65: 0
A66: Control | B66: 1 | C66: 0 | D66: 0 | E66: 0 | F66: 0 | G66: 0 | H66: 0 | I66: 58 | K66: South | L66: Desktop | M66: Free | N66: 0
A67: Control | B67: 0 | C67: 0 | D67: 0 | E67: 0 | F67: 0 | G67: 0 | H67: 0 | I67: 46.7 | K67: South | L67: Mobile | M67: Free | N67: 0
A68: Control | B68: 1 | C68: 0 | D68: 0 | E68: 0 | F68: 0 | G68: 1 | H68: 0 | I68: 49.6 | K68: South | L68: Desktop | M68: Premium | N68: 1
A69: Control | B69: 0 | C69: 0 | D69: 0 | E69: 0 | F69: 0 | G69: 0 | H69: 0 | I69: 60.4 | K69: West | L69: Mobile | M69: Free | N69: 0
A70: Control | B70: 1 | C70: 1 | D70: 1 | E70: 0 | F70: 0 | G70: 0 | H70: 0 | I70: 55.3 | K70: East | L70: Desktop | M70: Free | N70: 0
A71: Control | B71: 0 | C71: 0 | D71: 0 | E71: 0 | F71: 0 | G71: 0 | H71: 0 | I71: 56.2 | K71: North | L71: Desktop | M71: Free | N71: 0
A72: Control | B72: 0 | C72: 0 | D72: 0 | E72: 0 | F72: 0 | G72: 0 | H72: 0 | I72: 29.4 | K72: West | L72: Mobile | M72: Free | N72: 0
A73: Control | B73: 1 | C73: 0 | D73: 0 | E73: 0 | F73: 0 | G73: 0 | H73: 0 | I73: 54.2 | K73: East | L73: Mobile | M73: Free | N73: 0
... A79: Control | B79: 0 | C79: 0 | D79: 0 | E79: 0 | F79: 0 | G79: 1 | H79: 0 | I79: 48.4 | K79: North | L79: Mobile | M79: Free | N79: 2
A80: Control | B80: 1 | C80: 1 | D80: 1 | E80: 1 | F80: 457.51 | G80: 0 | H80: 0 | I80: 38 | J80: 7 | K80: West | L80: Desktop | M80: Free | N80: 0
A81: Control | B81: 1 | C81: 0 | D81: 0 | E81: 0 | F81: 0 | G81: 0 | H81: 0 | I81: 44.2 | K81: East | L81: Mobile | M81: Free | N81: 0
A82: Control | B82: 1 | C82: 1 | D82: 1 | E82: 0 | F82: 0 | G82: 0 | H82: 0 | I82: 81.2 | K82: South | L82: Mobile | M82: Free | N82: 0
A83: Control | B83: 1 | C83: 1 | D83: 0 | E83: 0 | F83: 0 | G83: 0 | H83: 0 | I83: 63.8 | K83: South | L83: Mobile | M83: Free | N83: 0
A84: Control | B84: 0 | C84: 0 | D84: 0 | E84: 0 | F84: 0 | G84: 0 | H84: 0 | I84: 64.7 | K84: South | L84: Desktop | M84: Free | N84: 0
A85: Control | B85: 0 | C85: 0 | D85: 0 | E85: 0 | F85: 0 | G85: 0 | H85: 0 | I85: 60.4 | K85: West | L85: Mobile | M85: Basic | N85: 0
A86: Control | B86: 0 | C86: 0 | D86: 0 | E86: 0 | F86: 0 | G86: 0 | H86: 0 | I86: 66.6 | K86: South | L86: Mobile | M86: Free | N86: 0
A87: Control | B87: 1 | C87: 0 | D87: 0 | E87: 0 | F87: 0 | G87: 0 | H87: 0 | I87: 50.9 | K87: North | L87: Desktop | M87: Free | N87: 0
A88: Control | B88: 0 | C88: 0 | D88: 0 | E88: 0 | F88: 0 | G88: 0 | H88: 0 | I88: 51 | K88: West | L88: Desktop | M88: Basic | N88: 0
A89: Control | B89: 0 | C89: 0 | D89: 0 | E89: 0 | F89: 0 | G89: 0 | H89: 0 | I89: 65.8 | K89: South | L89: Mobile | M89: Premium | N89: 0
A90: Control | B90: 1 | C90: 0 | D90: 0 | E90: 0 | F90: 0 | G90: 0 | H90: 0 | I90: 61.8 | K90: North | L90: Mobile | M90: Basic | N90: 0
A91: Control | B91: 1 | C91: 0 | D91: 0 | E91: 0 | F91: 0 | G91: 0 | H91: 0 | I91: 54.5 | K91: North | L91: Mobile | M91: Basic | N91: 0
A92: Control | B92: 1 | C92: 0 | D92: 0 | E92: 0 | F92: 0 | G92: 0 | H92: 0 | I92: 72.2 | K92: South | L92: Desktop | M92: Free | N92: 0
... A99: Control | B99: 1 | C99: 0 | D99: 0 | E99: 0 | F99: 0 | G99: 0 | H99: 0 | I99: 63.2 | K99: North | L99: Desktop | M99: Premium | N99: 0
A100: Control | B100: 1 | C100: 1 | D100: 1 | E100: 1 | F100: 363.32 | G100: 0 | H100: 0 | I100: 55.9 | J100: 9 | K100: East | L100: Desktop | M100: Free | N100: 0
A101: Control | B101: 1 | C101: 0 | D101: 0 | E101: 0 | F101: 0 | G101: 0 | H101: 0 | I101: 63.5 | K101: North | L101: Mobile | M101: Free | N101: 0
A102: Control | B102: 1 | C102: 0 | D102: 0 | E102: 0 | F102: 0 | G102: 0 | H102: 0 | I102: 51.5 | K102: North | L102: Mobile | M102: Basic | N102: 0
A103: Control | B103: 1 | C103: 0 | D103: 0 | E103: 0 | F103: 0 | G103: 0 | H103: 0 | I103: 74.4 | K103: West | L103: Mobile | M103: Free | N103: 0
A104: Control | B104: 1 | C104: 1 | D104: 1 | E104: 1 | F104: 3887.98 | G104: 0 | H104: 0 | I104: 60.2 | J104: 13 | K104: North | L104: Desktop | M104: Free | N104: 0
A105: Control | B105: 1 | C105: 0 | D105: 0 | E105: 0 | F105: 0 | G105: 1 | H105: 0 | I105: 67.2 | K105: South | L105: Mobile | M105: Free | N105: 1
A106: Control | B106: 1 | C106: 1 | D106: 1 | E106: 0 | F106: 0 | G106: 0 | H106: 0 | I106: 79.6 | K106: South | L106: Mobile | M106: Free | N106: 0
A107: Control | B107: 1 | C107: 1 | D107: 1 | E107: 1 | F107: 8610.72 | G107: 0 | H107: 0 | I107: 61 | J107: 6 | K107: South | L107: Mobile | M107: Basic | N107: 0
A108: Control | B108: 1 | C108: 1 | D108: 1 | E108: 0 | F108: 0 | G108: 1 | H108: 0 | I108: 51.1 | K108: West | L108: Mobile | M108: Free | N108: 4
A109: Control | B109: 1 | C109: 0 | D109: 0 | E109: 0 | F109: 0 | G109: 0 | H109: 0 | I109: 92.1 | K109: East | L109: Desktop | M109: Free | N109: 0
A110: Control | B110: 0 | C110: 0 | D110: 0 | E110: 0 | F110: 0 | G110: 0 | H110: 0 | I110: 82.1 | K110: South | L110: Mobile | M110: Basic | N110: 0
A111: Control | B111: 1 | C111: 0 | D111: 0 | E111: 0 | F111: 0 | G111: 1 | H111: 0 | I111: 74 | K111: West | L111: Desktop | M111: Basic | N111: 1
A112: Control | B112: 1 | C112: 0 | D112: 0 | E112: 0 | F112: 0 | G112: 0 | H112: 0 | I112: 63.4 | K112: West | L112: Desktop | M112: Basic | N112: 0
A113: Control | B113: 1 | C113: 0 | D113: 0 | E113: 0 | F113: 0 | G113: 0 | H113: 0 | I113: 53.2 | K113: North | L113: Mobile | M113: Basic | N113: 0
A114: Control | B114: 0 | C114: 0 | D114: 0 | E114: 0 | F114: 0 | G114: 0 | H114: 0 | I114: 48.1 | K114: East | L114: Tablet | M114: Free | N114: 0
A115: Control | B115: 1 | C115: 1 | D115: 0 | E115: 0 | F115: 0 | G115: 0 | H115: 0 | I115: 61.5 | K115: South | L115: Mobile | M115: Free | N115: 0
A116: Control | B116: 1 | C116: 0 | D116: 0 | E116: 0 | F116: 0 | G116: 0 | H116: 0 | I116: 63.2 | K116: East | L116: Desktop | M116: Free | N116: 0
A117: Control | B117: 0 | C117: 0 | D117: 0 | E117: 0 | F117: 0 | G117: 0 | H117: 0 | I117: 71.9 | K117: West | L117: Mobile | M117: Free | N117: 0
A118: Control | B118: 0 | C118: 0 | D118: 0 | E118: 0 | F118: 0 | G118: 0 | H118: 0 | I118: 62.7 | K118: North | L118: Mobile | M118: Free | N118: 0
A119: Control | B119: 1 | C119: 0 | D119: 0 | E119: 0 | F119: 0 | G119: 0 | H119: 0 | I119: 51.5 | K119: West | L119: Mobile | M119: Free | N119: 0
... A142: Control | B142: 0 | C142: 0 | D142: 0 | E142: 0 | F142: 0 | G142: 0 | H142: 0 | I142: 49.6 | K142: South | L142: Mobile | M142: Free | N142: 0
A143: Control | B143: 1 | C143: 1 | D143: 1 | E143: 1 | F143: 404.4 | G143: 0 | H143: 0 | I143: 80.6 | J143: 9 | K143: West | L143: Desktop | M143: Free | N143: 0
A144: Control | B144: 1 | C144: 0 | D144: 0 | E144: 0 | F144: 0 | G144: 0 | H144: 0 | I144: 47.9 | K144: North | L144: Mobile | M144: Free | N144: 0
A145: Control | B145: 1 | C145: 1 | D145: 0 | E145: 0 | F145: 0 | G145: 0 | H145: 0 | I145: 54.8 | K145: East | L145: Mobile | M145: Basic | N145: 0
A146: Control | B146: 1 | C146: 0 | D146: 0 | E146: 0 | F146: 0 | G146: 1 | H146: 0 | I146: 53.9 | K146: East | L146: Mobile | M146: Free | N146: 1
A147: Control | B147: 1 | C147: 0 | D147: 0 | E147: 0 | F147: 0 | G147: 0 | H147: 0 | I147: 41.3 | K147: East | L147: Mobile | M147: Free | N147: 0
A148: Control | B148: 1 | C148: 1 | D148: 0 | E148: 0 | F148: 0 | G148: 0 | H148: 0 | I148: 38.9 | K148: West | L148: Mobile | M148: Basic | N148: 0
A149: Control | B149: 1 | C149: 0 | D149: 0 | E149: 0 | F149: 0 | G149: 0 | H149: 0 | I149: 63.6 | K149: South | L149: Desktop | M149: Basic | N149: 0
A150: Control | B150: 1 | C150: 1 | D150: 1 | E150: 1 | F150: 577.94 | G150: 0 | H150: 0 | I150: 76.6 | J150: 9 | K150: North | L150: Mobile | M150: Free | N150: 0
A151: Control | B151: 0 | C151: 0 | D151: 0 | E151: 0 | F151: 0 | G151: 1 | H151: 0 | I151: 67.6 | K151: West | L151: Mobile | M151: Premium | N151: 1
A152: Control | B152: 1 | C152: 0 | D152: 0 | E152: 0 | F152: 0 | G152: 0 | H152: 0 | I152: 43.1 | K152: North | L152: Mobile | M152: Premium | N152: 0
A153: Control | B153: 1 | C153: 0 | D153: 0 | E153: 0 | F153: 0 | G153: 0 | H153: 0 | I153: 58.3 | K153: South | L153: Mobile | M153: Free | N153: 0
A154: Control | B154: 1 | C154: 0 | D154: 0 | E154: 0 | F154: 0 | G154: 0 | H154: 0 | I154: 69.8 | K154: East | L154: Desktop | M154: Free | N154: 0
A155: Control | B155: 1 | C155: 1 | D155: 0 | E155: 0 | F155: 0 | G155: 0 | H155: 0 | K155: South | L155: Mobile | M155: Free | N155: 0
A156: Control | B156: 1 | C156: 1 | D156: 0 | E156: 0 | F156: 0 | G156: 0 | H156: 0 | I156: 41.9 | K156: West | L156: Mobile | M156: Basic | N156: 0
A157: Control | B157: 0 | C157: 0 | D157: 0 | E157: 0 | F157: 0 | G157: 0 | H157: 0 | I157: 33.1 | K157: North | L157: Desktop | M157: Free | N157: 0
A158: Control | B158: 0 | C158: 0 | D158: 0 | E158: 0 | F158: 0 | G158: 0 | H158: 0 | I158: 58.6 | K158: West | L158: Mobile | M158: Free | N158: 0
A159: Control | B159: 0 | C159: 0 | D159: 0 | E159: 0 | F159: 0 | G159: 0 | H159: 0 | I159: 55.7 | K159: North | L159: Desktop | M159: Free | N159: 0
A160: Control | B160: 0 | C160: 0 | D160: 0 | E160: 0 | F160: 0 | G160: 1 | H160: 0 | I160: 64.9 | K160: East | L160: Mobile | M160: Free | N160: 2
A161: Control | B161: 0 | C161: 0 | D161: 0 | E161: 0 | F161: 0 | G161: 0 | H161: 0 | I161: 72.3 | K161: North | L161: Desktop | M161: Basic | N161: 0
A162: Control | B162: 0 | C162: 0 | D162: 0 | E162: 0 | F162: 0 | G162: 0 | H162: 0 | I162: 42.1 | K162: North | L162: Mobile | M162: Basic | N162: 0
A163: Control | B163: 0 | C163: 0 | D163: 0 | E163: 0 | F163: 0 | G163: 0 | H163: 0 | K163: North | L163: Mobile | M163: Free | N163: 0
A164: Control | B164: 0 | C164: 0 | D164: 0 | E164: 0 | F164: 0 | G164: 1 | H164: 0 | I164: 64.8 | K164: South | L164: Mobile | M164: Basic | N164: 1
A165: Control | B165: 0 | C165: 0 | D165: 0 | E165: 0 | F165: 0 | G165: 0 | H165: 0 | I165: 72.1 | K165: East | L165: Mobile | M165: Free | N165: 0
A166: Control | B166: 1 | C166: 0 | D166: 0 | E166: 0 | F166: 0 | G166: 0 | H166: 0 | I166: 50.6 | K166: East | L166: Mobile | M166: Free | N166: 0
A167: Control | B167: 1 | C167: 1 | D167: 1 | E167: 1 | F167: 1281.25 | G167: 1 | H167: 0 | I167: 43.4 | J167: 9 | K167: North | L167: Desktop | M167: Basic | N167: 1
A168: Control | B168: 1 | C168: 0 | D168: 0 | E168: 0 | F168: 0 | G168: 0 | H168: 0 | I168: 59.7 | K168: South | L168: Mobile | M168: Free | N168: 0
A169: Control | B169: 1 | C169: 0 | D169: 0 | E169: 0 | F169: 0 | G169: 1 | H169: 0 | K169: South | L169: Mobile | M169: Free | N169: 1
A170: Control | B170: 0 | C170: 0 | D170: 0 | E170: 0 | F170: 0 | G170: 0 | H170: 0 | I170: 54.5 | K170: West | L170: Mobile | M170: Basic | N170: 0
A171: Control | B171: 1 | C171: 0 | D171: 0 | E171: 0 | F171: 0 | G171: 0 | H171: 0 | I171: 71.1 | K171: North | L171: Mobile | M171: Free | N171: 0
A172: Control | B172: 1 | C172: 1 | D172: 1 | E172: 0 | F172: 0 | G172: 0 | H172: 0 | I172: 44.4 | K172: East | L172: Unknown | M172: Free | N172: 0
A173: Control | B173: 1 | C173: 0 | D173: 0 | E173: 0 | F173: 0 | G173: 0 | H173: 0 | I173: 61.7 | K173: North | L173: Mobile | M173: Free | N173: 0
A174: Control | B174: 0 | C174: 0 | D174: 0 | E174: 0 | F174: 0 | G174: 1 | H174: 0 | I174: 81.3 | K174: North | L174: Tablet | M174: Basic | N174: 1
A175: Control | B175: 1 | C175: 0 | D175: 0 | E175: 0 | F175: 0 | G175: 1 | H175: 0 | I175: 28.7 | K175: North | L175: Desktop | M175: Free | N175: 2
A176: Control | B176: 0 | C176: 0 | D176: 0 | E176: 0 | F176: 0 | G176: 0 | H176: 0 | I176: 53 | K176: East | L176: Mobile | M176: Basic | N176: 0
A177: Control | B177: 1 | C177: 0 | D177: 0 | E177: 0 | F177: 0 | G177: 0 | H177: 0 | I177: 54.9 | K177: South | L177: Tablet | M177: Basic | N177: 0
A178: Control | B178: 1 | C178: 0 | D178: 0 | E178: 0 | F178: 0 | G178: 0 | H178: 0 | I178: 58.2 | K178: West | L178: Mobile | M178: Basic | N178: 0
A179: Control | B179: 0 | C179: 0 | D179: 0 | E179: 0 | F179: 0 | G179: 0 | H179: 0 | I179: 80.6 | K179: North | L179: Mobile | M179: Free | N179: 0
...

Sheet summary_metrics
A1: Control vs Treatment — Experiment Summary
A2: Live formulas over the data sheet. Rates are proportions; ARPU/ARPCU in revenue units.
A4: Metric | B4: Control | C4: Treatment | D4: Abs Diff | E4: Rel Diff
A5: User count | B5: =COUNTIFS(data!$A$2:$A$1401,"Control") -> 690 | C5: =COUNTIFS(data!$A$2:$A$1401,"Treatment") -> 710 | D5: =C5-B5 -> 20 | E5: =IFERROR((C5-B5)/B5,0) -> 0.028985507
A6: Landing page visit rate | B6: =AVERAGEIFS(data!$B$2:$B$1401,data!$A$2:$A$1401,"Control") -> 0.63623188 | C6: =AVERAGEIFS(data!$B$2:$B$1401,data!$A$2:$A$1401,"Treatment") -> 0.72394366 | D6: =C6-B6 -> 0.087711778 | E6: =IFERROR((C6-B6)/B6,0) -> 0.13786134
A7: Trial start rate | B7: =AVERAGEIFS(data!$C$2:$C$1401,data!$A$2:$A$1401,"Control") -> 0.25072464 | C7: =AVERAGEIFS(data!$C$2:$C$1401,data!$A$2:$A$1401,"Treatment") -> 0.29014085 | D7: =C7-B7 -> 0.039416207 | E7: =IFERROR((C7-B7)/B7,0) -> 0.15720915
A8: Onboarding completion rate | B8: =AVERAGEIFS(data!$D$2:$D$1401,data!$A$2:$A$1401,"Control") -> 0.15652174 | C8: =AVERAGEIFS(data!$D$2:$D$1401,data!$A$2:$A$1401,"Treatment") -> 0.21126761 | D8: =C8-B8 -> 0.054745867 | E8: =IFERROR((C8-B8)/B8,0) -> 0.34976526
A9: Paid conversion rate | B9: =AVERAGEIFS(data!$E$2:$E$1401,data!$A$2:$A$1401,"Control") -> 0.031884058 | C9: =AVERAGEIFS(data!$E$2:$E$1401,data!$A$2:$A$1401,"Treatment") -> 0.070422535 | D9: =C9-B9 -> 0.038538477 | E9: =IFERROR((C9-B9)/B9,0) -> 1.2087068
A10: Avg revenue per user (ARPU) | B10: =AVERAGEIFS(data!$F$2:$F$1401,data!$A$2:$A$1401,"Control") -> 51.974319 | C10: =AVERAGEIFS(data!$F$2:$F$1401,data!$A$2:$A$1401,"Treatment") -> 54.254521 | D10: =C10-B10 -> 2.2802023 | E10: =IFERROR((C10-B10)/B10,0) -> 0.043871711
A11: Avg revenue per converted user (ARPCU) | B11: =AVERAGEIFS(data!$F$2:$F$1401,data!$A$2:$A$1401,"Control",data!$E$2:$E$1401,1) -> 1630.1036 | C11: =AVERAGEIFS(data!$F$2:$F$1401,data!$A$2:$A$1401,"Treatment",data!$E$2:$E$1401,1) -> 770.4142 | D11: =C11-B11 -> -859.68944 | E11: =IFERROR((C11-B11)/B11,0) -> -0.5273833
A12: Refund rate | B12: =AVERAGEIFS(data!$H$2:$H$1401,data!$A$2:$A$1401,"Control") -> 0 | C12: =AVERAGEIFS(data!$H$2:$H$1401,data!$A$2:$A$1401,"Treatment") -> 0.0042253521 | D12: =C12-B12 -> 0.0042253521 | E12: =IFERROR((C12-B12)/B12,0) -> 0
A13: Support ticket rate (users w/ >0) | B13: =AVERAGEIFS(data!$G$2:$G$1401,data!$A$2:$A$1401,"Control") -> 0.14782609 | C13: =AVERAGEIFS(data!$G$2:$G$1401,data!$A$2:$A$1401,"Treatment") -> 0.24788732 | D13: =C13-B13 -> 0.10006124 | E13: =IFERROR((C13-B13)/B13,0) -> 0.67688484
A14: Support tickets per user | B14: =AVERAGEIFS(data!$N$2:$N$1401,data!$A$2:$A$1401,"Control") -> 0.22028986 | C14: =AVERAGEIFS(data!$N$2:$N$1401,data!$A$2:$A$1401,"Treatment") -> 0.37323944 | D14: =C14-B14 -> 0.15294958 | E14: =IFERROR((C14-B14)/B14,0) -> 0.6943106
A15: Avg engagement score | B15: =AVERAGEIFS(data!$I$2:$I$1401,data!$A$2:$A$1401,"Control") -> 57.029532 | C15: =AVERAGEIFS(data!$I$2:$I$1401,data!$A$2:$A$1401,"Treatment") -> 62.940028 | D15: =C15-B15 -> 5.9104963 | E15: =IFERROR((C15-B15)/B15,0) -> 0.10363922
A16: Avg days to convert | B16: =AVERAGEIFS(data!$J$2:$J$1401,data!$A$2:$A$1401,"Control",data!$E$2:$E$1401,1) -> 8.8636364 | C16: =AVERAGEIFS(data!$J$2:$J$1401,data!$A$2:$A$1401,"Treatment",data!$E$2:$E$1401,1) -> 6.4 | D16: =C16-B16 -> -2.4636364 | E16: =IFERROR((C16-B16)/B16,0) -> -0.27794872
A17: Converted users (count) | B17: =COUNTIFS(data!$A$2:$A$1401,"Control",data!$E$2:$E$1401,1) -> 22 | C17: =COUNTIFS(data!$A$2:$A$1401,"Treatment",data!$E$2:$E$1401,1) -> 50 | D17: =C17-B17 -> 28 | E17: =IFERROR((C17-B17)/B17,0) -> 1.2727273

Sheet hypothesis_test
A1: Two-Proportion Z-Test — Paid Conversion Rate
A2: H0: p(Treatment)=p(Control) H1: p(Treatment)≠p(Control) α=0.05 (two-tailed)
A5: Control users (n_c) | B5: =COUNTIFS(data!$A$2:$A$1401,"Control") -> 690
A6: Control conversions (x_c) | B6: =COUNTIFS(data!$A$2:$A$1401,"Control",data!$E$2:$E$1401,1) -> 22
A7: Treatment users (n_t) | B7: =COUNTIFS(data!$A$2:$A$1401,"Treatment") -> 710
A8: Treatment conversions (x_t) | B8: =COUNTIFS(data!$A$2:$A$1401,"Treatment",data!$E$2:$E$1401,1) -> 50
A9: p_control | B9: =B6/B5 -> 0.031884058
A10: p_treatment | B10: =B8/B7 -> 0.070422535
A11: Absolute uplift | B11: =B10-B9 -> 0.038538477
A12: Relative uplift | B12: =IFERROR((B10-B9)/B9,0) -> 1.2087068
A13: Pooled p | B13: =(B6+B8)/(B5+B7) -> 0.051428571
A14: Std error | B14: =SQRT(B13*(1-B13)*(1/B5+1/B7)) -> 0.011807217
A15: Z statistic | B15: =(B10-B9)/B14 -> 3.2639763
A16: P-value (two-tailed) | B16: =2*(1-NORMSDIST(ABS(B15))) -> 0.0010986034
A17: Decision (α=0.05) | B17: =IF(B16<0.05,"Reject H0 — statistically significant","Fail to reject H0") -> Reject H0 — statistically significant

Sheet guardrails
A1: Guardrail Metrics — Risk Evaluation
A2: A conversion win is only safe if guardrails hold. Direction matters per metric.
A4: Guardrail | B4: Control | C4: Treatment | D4: Change | E4: Risk?
A5: Refund rate | B5: =AVERAGEIFS(data!$H$2:$H$1401,data!$A$2:$A$1401,"Control") -> 0 | C5: =AVERAGEIFS(data!$H$2:$H$1401,data!$A$2:$A$1401,"Treatment") -> 0.0042253521 | D5: =C5-B5 -> 0.0042253521 | E5: Low — stays <1%
A6: Support ticket rate | B6: =AVERAGEIFS(data!$G$2:$G$1401,data!$A$2:$A$1401,"Control") -> 0.14782609 | C6: =AVERAGEIFS(data!$G$2:$G$1401,data!$A$2:$A$1401,"Treatment") -> 0.24788732 | D6: =C6-B6 -> 0.10006124 | E6: HIGH — nearly doubles; staffing impact
A7: Support tickets per user | B7: =AVERAGEIFS(data!$N$2:$N$1401,data!$A$2:$A$1401,"Control") -> 0.22028986 | C7: =AVERAGEIFS(data!$N$2:$N$1401,data!$A$2:$A$1401,"Treatment") -> 0.37323944 | D7: =C7-B7 -> 0.15294958 | E7: HIGH — more load per user
A8: ARPCU (revenue/converted) | B8: =AVERAGEIFS(data!$F$2:$F$1401,data!$A$2:$A$1401,"Control",data!$E$2:$E$1401,1) -> 1630.1036 | C8: =AVERAGEIFS(data!$F$2:$F$1401,data!$A$2:$A$1401,"Treatment",data!$E$2:$E$1401,1) -> 770.4142 | D8: =C8-B8 -> -859.68944 | E8: MEDIUM — lower-value converts
A9: Avg days to convert | B9: =AVERAGEIFS(data!$J$2:$J$1401,data!$A$2:$A$1401,"Control",data!$E$2:$E$1401,1) -> 8.8636364 | C9: =AVERAGEIFS(data!$J$2:$J$1401,data!$A$2:$A$1401,"Treatment",data!$E$2:$E$1401,1) -> 6.4 | D9: =C9-B9 -> -2.4636364 | E9: Positive — faster activation
A10: Avg engagement score | B10: =AVERAGEIFS(data!$I$2:$I$1401,data!$A$2:$A$1401,"Control") -> 57.029532 | C10: =AVERAGEIFS(data!$I$2:$I$1401,data!$A$2:$A$1401,"Treatment") -> 62.940028 | D10: =C10-B10 -> 5.9104963 | E10: Positive — higher engagement

Sheet segment_analysis
A1: Segment-Level Analysis (≥3 metrics by segment)
A3: Paid conversion rate by Region
A4: Segment | B4: Control | C4: Treatment | D4: Abs Diff
A5: North | B5: =AVERAGEIFS(data!$E$2:$E$1401,data!$K$2:$K$1401,"North",data!$A$2:$A$1401,"Control") -> 0.034825871 | C5: =AVERAGEIFS(data!$E$2:$E$1401,data!$K$2:$K$1401,"North",data!$A$2:$A$1401,"Treatment") -> 0.088888889 | D5: =C5-B5 -> 0.054063018
A6: South | B6: =AVERAGEIFS(data!$E$2:$E$1401,data!$K$2:$K$1401,"South",data!$A$2:$A$1401,"Control") -> 0.032608696 | C6: =AVERAGEIFS(data!$E$2:$E$1401,data!$K$2:$K$1401,"South",data!$A$2:$A$1401,"Treatment") -> 0.076502732 | D6: =C6-B6 -> 0.043894037
A7: East | B7: =AVERAGEIFS(data!$E$2:$E$1401,data!$K$2:$K$1401,"East",data!$A$2:$A$1401,"Control") -> 0.025477707 | C7: =AVERAGEIFS(data!$E$2:$E$1401,data!$K$2:$K$1401,"East",data!$A$2:$A$1401,"Treatment") -> 0.064705882 | D7: =C7-B7 -> 0.039228175
A8: West | B8: =AVERAGEIFS(data!$E$2:$E$1401,data!$K$2:$K$1401,"West",data!$A$2:$A$1401,"Control") -> 0.033783784 | C8: =AVERAGEIFS(data!$E$2:$E$1401,data!$K$2:$K$1401,"West",data!$A$2:$A$1401,"Treatment") -> 0.050847458 | D8: =C8-B8 -> 0.017063674
A10: Paid conversion rate by Device
A11: Segment | B11: Control | C11: Treatment | D11: Abs Diff
A12: Desktop | B12: =AVERAGEIFS(data!$E$2:$E$1401,data!$L$2:$L$1401,"Desktop",data!$A$2:$A$1401,"Control") -> 0.045 | C12: =AVERAGEIFS(data!$E$2:$E$1401,data!$L$2:$L$1401,"Desktop",data!$A$2:$A$1401,"Treatment") -> 0.0657277 | D12: =C12-B12 -> 0.0207277
A13: Mobile | B13: =AVERAGEIFS(data!$E$2:$E$1401,data!$L$2:$L$1401,"Mobile",data!$A$2:$A$1401,"Control") -> 0.025821596 | C13: =AVERAGEIFS(data!$E$2:$E$1401,data!$L$2:$L$1401,"Mobile",data!$A$2:$A$1401,"Treatment") -> 0.074074074 | D13: =C13-B13 -> 0.048252478
A14: Tablet | B14: =AVERAGEIFS(data!$E$2:$E$1401,data!$L$2:$L$1401,"Tablet",data!$A$2:$A$1401,"Control") -> 0.018181818 | C14: =AVERAGEIFS(data!$E$2:$E$1401,data!$L$2:$L$1401,"Tablet",data!$A$2:$A$1401,"Treatment") -> 0.071428571 | D14: =C14-B14 -> 0.053246753
A16: ARPU by Region
A17: Segment | B17: Control | C17: Treatment | D17: Abs Diff
A18: North | B18: =AVERAGEIFS(data!$F$2:$F$1401,data!$K$2:$K$1401,"North",data!$A$2:$A$1401,"Control") -> 84.5001 | C18: =AVERAGEIFS(data!$F$2:$F$1401,data!$K$2:$K$1401,"North",data!$A$2:$A$1401,"Treatment") -> 80.9675 | D18: =C18-B18 -> -3.5325995
A19: South | B19: =AVERAGEIFS(data!$F$2:$F$1401,data!$K$2:$K$1401,"South",data!$A$2:$A$1401,"Control") -> 76.033098 | C19: =AVERAGEIFS(data!$F$2:$F$1401,data!$K$2:$K$1401,"South",data!$A$2:$A$1401,"Treatment") -> 47.258525 | D19: =C19-B19 -> -28.774573
A20: East | B20: =AVERAGEIFS(data!$F$2:$F$1401,data!$K$2:$K$1401,"East",data!$A$2:$A$1401,"Control") -> 18.231465 | C20: =AVERAGEIFS(data!$F$2:$F$1401,data!$K$2:$K$1401,"East",data!$A$2:$A$1401,"Treatment") -> 47.051765 | D20: =C20-B20 -> 28.8203
A21: West | B21: =AVERAGEIFS(data!$F$2:$F$1401,data!$K$2:$K$1401,"West",data!$A$2:$A$1401,"Control") -> 13.684662 | C21: =AVERAGEIFS(data!$F$2:$F$1401,data!$K$2:$K$1401,"West",data!$A$2:$A$1401,"Treatment") -> 41.239831 | D21: =C21-B21 -> 27.555168
